"排名","代號","名稱","成交","漲跌價","漲跌幅","統計年數","股價目前落點","歷年股價平均","歷年股價高點平均","歷年股價低點平均","股價高低價差(倍)","平均EPS","平均PER","目前PER","平均最低PER","平均最高PER","PER目前落點","平均BPS","目前PBR","平均PBR","平均最低PBR","平均最高PBR","PBR目前落點"
"301",="1537","廣隆","156","-0.5","-0.32","10","近高","143.2","158.1","130.4","1.21","9.93","14.4","14.3","13.1","15.9","近低","48.31","2.9","2.96","2.7","3.27","近低"
"302",="8942","森鉅","60.9","+0.2","+0.33","10","近低","67.76","78.81","55.93","1.41","6.87","9.87","14.3","8.15","11.5","過高","44.29","1.25","1.53","1.26","1.78","破低"
"303",="1108","幸福","15.05","-0.05","-0.33","10","過高","11.82","14.69","9.73","1.51","0.75","15.9","14.3","13.1","19.7","近低","11.58","1.21","1.02","0.84","1.27","近高"
"304",="2065","世豐","54.7","+0.9","+1.67","8","近高","52.28","59.96","43.58","1.38","4.55","11.5","14.4","9.57","13.2","過高","31.25","1.69","1.67","1.39","1.92","近高"
"305",="8081","致新","243","0","0","10","過高","173.2","231.7","123","1.88","14.38","12","14.4","8.55","16.1","近高","62.83","2.83","2.76","1.96","3.69","高"
"306",="9911","櫻花","88","+1.2","+1.38","10","過高","58.41","66.63","49.43","1.35","4.08","14.3","14.4","12.1","16.3","近高","22.99","3.1","2.54","2.15","2.9","過高"
"307",="6279","胡連","179","+1.5","+0.85","10","過高","132.2","164","104","1.58","7.93","16.7","14.4","13.1","20.7","近低","50.23","2.69","2.63","2.07","3.27","近高"
"308",="6670","復盛應用","344","-3","-0.86","7","過高","215.5","259.7","177.8","1.46","18.32","11.8","14.4","9.7","14.2","過高","66.87","3.55","3.22","2.66","3.88","近高"
"309",="8131","福懋科","29.4","-0.4","-1.34","10","破低","36.24","41.16","31.23","1.32","2.83","12.8","14.4","11","14.5","近高","26.32","1.19","1.38","1.19","1.56","近低"
"310",="4554","橙的","29","-0.35","-1.19","9","低","28.15","37.92","21.67","1.75","0.73","38.8","14.4","29.9","52.3","破低","18.85","1.5","1.49","1.15","2.01","低"
"311",="6189","豐藝","79.4","+0.3","+0.38","10","過高","46.78","58.72","36.67","1.6","3.46","13.5","14.4","10.6","17","近高","22.69","2.83","2.06","1.62","2.59","過高"
"312",="6637","醫影","89.9","+0.2","+0.22","1","近低","102.7","152","83.1","1.83","4.47","23","14.5","18.6","34","破低","20.9","2.56","4.92","3.98","7.27","破低"
"313",="6271","同欣電","126","-2.5","-1.95","10","近低","161.8","219.2","114.1","1.92","9.17","17.6","14.5","12.4","23.9","近低","111","1.04","1.46","1.03","1.97","近低"
"314",="4536","拓凱","214","+1.5","+0.71","10","過高","153.7","198","122.8","1.61","12.29","12.5","14.5","10","16.1","近高","67.16","2.28","2.29","1.83","2.95","低"
"315",="6464","台數科","79.7","+0.3","+0.38","10","破低","101","111.7","90.65","1.23","6.67","15.2","14.5","13.6","16.8","近低","58.18","1.28","1.74","1.56","1.92","破低"
"316",="3004","豐達科","99.9","-0.6","-0.6","10","過高","74.19","95.11","57.86","1.64","3.98","18.6","14.5","14.5","23.9","破低","38.39","2.03","1.93","1.51","2.48","近高"
"317",="3611","鼎翰","217","-1","-0.46","10","低","220.7","264.2","180","1.47","18.57","11.9","14.5","9.69","14.2","過高","90.66","2.01","2.43","1.99","2.91","近低"
"318",="2107","厚生","26.35","+0.1","+0.38","10","過高","20.97","24.5","18.28","1.34","1.77","11.8","14.6","10.3","13.8","過高","32.8","0.6","0.64","0.56","0.75","近低"
"319",="4961","天鈺","235","+1","+0.43","7","近高","170","263.2","110.3","2.39","13.24","12.8","14.6","8.33","19.9","高","79.27","1.59","2.14","1.39","3.32","近低"
"320",="8279","生展","129.5","0","0","9","低","133.9","165.6","107.8","1.54","8.86","15.1","14.6","12.2","18.7","低","65.87","1.57","2.03","1.64","2.51","破低"
"321",="5011","久陽","21.35","-0.05","-0.23","10","近低","24.95","34.04","18.69","1.82","1.35","18.5","14.6","13.8","25.2","近低","19.99","0.94","1.25","0.93","1.7","近低"
"322",="2442","新美齊","27.5","-0.05","-0.18","10","過高","15.3","20.62","11.67","1.77","1.17","13.1","14.6","9.97","17.6","近高","14.36","1.58","1.07","0.81","1.44","過高"
"323",="6592","和潤企業","82","+0.2","+0.24","6","破低","105.2","126.5","82.51","1.53","5.95","17.7","14.6","13.9","21.3","近低","45.23","1.6","2.32","1.82","2.8","破低"
"324",="2441","超豐","64.3","+0.6","+0.94","10","近高","56.46","67.27","44.78","1.5","4.77","11.8","14.6","9.38","14.1","過高","34.4","1.63","1.64","1.3","1.96","近高"
"325",="4535","至興","34.8","-0.05","-0.14","10","近低","35.24","39.57","30.94","1.28","2.19","16.1","14.7","14.2","18.1","近低","30.6","1.06","1.15","1.01","1.29","近低"
"326",="6412","群電","127","-2","-1.55","10","過高","83.85","111.3","66","1.69","6.06","13.8","14.7","10.9","18.4","近高","26.55","3.43","3.16","2.49","4.19","近高"
"327",="4754","國碳科","41.9","-0.3","-0.71","9","近低","42.81","52.19","37","1.41","2.58","16.6","14.7","14.4","20.3","近低","16.23","2.54","2.64","2.28","3.22","近低"
"328",="5007","三星","54.6","0","0","10","近低","54.71","60.64","49.67","1.22","3.26","16.8","14.7","15.3","18.6","破低","21.95","2.31","2.49","2.26","2.76","近低"
"329",="2029","盛餘","26.35","+0.5","+1.93","10","低","26.11","35.61","20.54","1.73","1.72","15.1","14.7","11.9","20.7","低","28.9","0.85","0.9","0.71","1.23","近低"
"330",="3712","永崴投控","66","-0.6","-0.9","7","過高","35.19","50.32","25.22","2","1.29","27.4","14.7","19.6","39.1","破低","31.44","1.6","1.12","0.8","1.6","過高"
"331",="2373","震旦行","65.6","-0.2","-0.3","10","破低","80.12","88.69","72.76","1.22","5.66","14.2","14.7","12.9","15.7","近高","31.92","1.97","2.51","2.28","2.78","破低"
"332",="5310","天剛","47.25","-0.35","-0.74","10","過高","28.08","42.83","18.78","2.28","-1.52","-18.5","14.8","-12.4","-28.2","","6.75","5.08","4.16","2.78","6.35","高"
"333",="2313","華通","68.2","-0.9","-1.3","10","過高","45.62","61.54","34.76","1.77","3.8","12","14.8","9.14","16.2","近高","25.76","1.91","1.77","1.35","2.39","高"
"334",="1709","和益","21.65","-0.1","-0.46","10","近高","19.7","24.31","16.33","1.49","1.35","14.6","14.8","12.1","18","低","15.77","1.1","1.25","1.04","1.54","近低"
"335",="4736","泰博","138.5","-4.5","-3.15","10","近低","169.5","221.6","133.9","1.66","16.68","10.2","14.8","8.02","13.3","過高","73.09","1.52","2.32","1.83","3.03","破低"
"336",="3715","定穎投控","60.6","-1.5","-2.42","3","高","52.41","84.78","31.09","2.73","2.75","19.1","14.9","11.3","30.9","低","23.44","2.18","2.24","1.33","3.62","低"
"337",="5212","凌網","59.8","-0.5","-0.83","10","過高","43.8","57.29","34.85","1.64","2.46","17.8","14.9","14.2","23.3","近低","13.47","3.99","3.25","2.59","4.25","近高"
"338",="3703","欣陸","31.85","+0.15","+0.47","10","過高","23.01","29.5","18.62","1.58","1.85","12.5","14.9","10.1","16","近高","29.58","0.94","0.78","0.63","1","近高"
"339",="3570","大塚","181","-14.5","-7.42","10","過高","99.14","120.3","78.33","1.54","8.05","12.3","14.9","9.73","14.9","近高","42.49","3.28","2.33","1.84","2.83","過高"
"340",="8299","群聯","559","+7","+1.27","10","過高","388.6","528.4","282.4","1.87","28.51","13.6","14.9","9.91","18.5","近高","171.4","2.43","2.27","1.65","3.08","高"
"341",="4766","南寶","328","-3","-0.91","7","過高","193.6","254.1","155.2","1.64","12.17","15.9","14.9","12.8","20.9","近低","102.3","2.85","1.89","1.52","2.48","過高"
"342",="6671","三能-KY","43.95","+0.1","+0.23","7","近高","42.62","47.74","36.9","1.29","3.26","13.1","14.9","11.3","14.6","過高","27.62","1.53","1.54","1.34","1.73","近高"
"343",="6856","鑫傳","64","+0.1","+0.16","2","近低","67.22","75.3","60.97","1.24","4.52","14.9","14.9","13.5","16.7","近低","24.15","2.36","2.78","2.52","3.12","破低"
"344",="6491","晶碩","382","-7.5","-1.93","6","低","382.8","503.5","281.2","1.79","14.47","26.5","14.9","19.4","34.8","破低","74.04","2.82","5.17","3.8","6.8","破低"
"345",="6291","沛亨","105.5","-0.5","-0.47","10","高","84.12","132.6","46.23","2.87","3.01","28","14.9","15.4","44.1","破低","14.61","3.38","5.76","3.16","9.07","近低"
"346",="5603","陸海","26.6","0","0","10","近高","22.21","32.76","16.32","2.01","2.38","9.35","14.9","6.87","13.8","過高","16.95","1.44","1.31","0.96","1.93","低"
"347",="1707","葡萄王","148.5","-1","-0.67","10","破低","172.1","200.2","149.2","1.34","9.58","18","15","15.6","20.9","破低","57.34","2.2","3","2.6","3.49","破低"
"348",="5493","三聯","86.1","+2.2","+2.62","10","過高","48.9","60.53","39.36","1.54","4.04","12.1","15","9.74","15","近高","30.96","2.02","1.58","1.27","1.96","過高"
"349",="3303","岱稜","58.4","-0.5","-0.85","10","過高","27.8","35.73","21.99","1.62","2.33","12","15","9.45","15.4","近高","20.24","2.44","1.37","1.09","1.77","過高"
"350",="1535","中宇","60.8","-0.8","-1.3","10","過高","46.29","58.56","38.02","1.54","3.06","15.1","15","12.4","19.2","低","27.14","2.01","1.71","1.4","2.16","近高"
"351",="6184","大豐電","53.2","+0.8","+1.53","10","過高","45.21","49.39","42.18","1.17","2.99","15.1","15","14.1","16.5","近低","29.12","1.75","1.55","1.45","1.7","過高"
"352",="6284","佳邦","82.6","-0.9","-1.08","10","過高","54.7","78.7","40.58","1.94","3.14","17.4","15","12.9","25.1","近低","37.74","1.66","1.45","1.08","2.08","高"
"353",="9931","欣高","34.55","+0.05","+0.14","10","近低","37.25","41.6","34.55","1.2","1.75","21.3","15","19.8","23.8","破低","20.16","1.44","1.85","1.71","2.06","破低"
"354",="3617","碩天","311","-4","-1.27","10","過高","141","203","95.31","2.13","8.81","16","15","10.8","23.1","低","60.41","3.25","2.33","1.58","3.36","近高"
"355",="2357","華碩","682","-16","-2.29","10","過高","330.1","415.6","256.9","1.62","26.96","12.2","15","9.53","15.4","近高","274","1.9","1.2","0.94","1.52","過高"
"356",="4770","上品","320","-13","-3.9","4","近低","323.9","408.7","268.8","1.52","16.58","19.5","15.1","16.2","24.7","破低","81.7","3.22","3.96","3.29","5","破低"
"357",="6523","達爾膚","150","+0.5","+0.33","9","近高","111.8","156.2","86.84","1.8","7.3","15.3","15.1","11.9","21.4","低","37.44","4.39","2.99","2.32","4.17","過高"
"358",="2528","皇普","49.15","+0.85","+1.76","10","過高","25.86","33.58","19.26","1.74","1.01","25.6","15.1","19.1","33.2","破低","13.59","2.86","1.9","1.42","2.47","過高"
"359",="2727","王品","236","+1","+0.43","10","過高","168.7","222.3","120.6","1.84","6.25","27","15.1","19.3","35.5","破低","45.56","4.56","3.7","2.65","4.88","近高"
"360",="1726","永記","77.4","+0.1","+0.13","10","近高","74.59","78.74","69.35","1.14","5.12","14.6","15.1","13.6","15.4","近高","55.37","1.26","1.35","1.25","1.42","近低"
"361",="1582","信錦","103.5","-1.5","-1.43","10","過高","74.7","92.76","60.27","1.54","5.12","14.6","15.1","11.8","18.1","近高","44.01","2.01","1.7","1.37","2.11","近高"
"362",="2317","鴻海","174","-6.5","-3.6","10","過高","109.1","133","86.21","1.54","9.1","12","15.1","9.48","14.6","過高","91.17","1.51","1.2","0.95","1.46","過高"
"363",="1341","富林-KY","71","-1","-1.39","7","近高","65.99","74.34","59.06","1.26","5.86","11.3","15.1","10.1","12.7","過高","24.63","2.79","2.68","2.4","3.02","近高"
"364",="2414","精技","37.7","-0.15","-0.4","10","過高","28.9","34.11","24.89","1.37","2.34","12.4","15.1","10.6","14.6","過高","17.52","2.03","1.65","1.42","1.95","過高"
"365",="3264","欣銓","72.1","+0.1","+0.14","10","過高","46.84","61.76","34.64","1.78","4.66","10","15.1","7.43","13.2","過高","30.98","1.91","1.51","1.12","1.99","近高"
"366",="4102","永日","30.9","+0.15","+0.49","10","近高","25.65","35.8","19.92","1.8","0.52","49.5","15.1","38.4","69.1","破低","12.66","1.96","2.03","1.57","2.83","低"
"367",="2751","王座","68.5","+0.3","+0.44","1","近低","68.87","80.9","65","1.24","-0.31","-222","15.2","-209","-261","","11.38","3.1","6.05","5.71","7.11","破低"
"368",="8390","金益鼎","65.1","-1.4","-2.11","10","過高","35.14","48.83","26.64","1.83","2.59","13.6","15.2","10.3","18.9","近高","23.09","1.99","1.52","1.15","2.11","近高"
"369",="8938","明安","78.4","+1.3","+1.69","10","近高","63.44","81.3","49.5","1.64","6.73","9.42","15.2","7.35","12.1","過高","40.52","1.61","1.57","1.22","2.01","低"
"370",="9930","中聯資源","70.9","+0.7","+1","10","過高","52.93","59.1","47.03","1.26","3.44","15.4","15.2","13.7","17.2","近低","22.88","2.75","2.31","2.06","2.58","過高"
"371",="6216","居易","37.3","+0.1","+0.27","10","近高","30.42","37.64","25.56","1.47","1.87","16.2","15.2","13.7","20.1","近低","17.95","1.93","1.7","1.42","2.1","近高"
"372",="3287","廣寰科","31.95","-0.25","-0.78","10","過高","19.55","31.73","13.35","2.38","0.44","43.9","15.3","30","71.3","破低","10.62","2.39","1.84","1.26","2.99","高"
"373",="6139","亞翔","274","-3.5","-1.26","10","過高","73.41","119.6","50.03","2.39","4.37","16.8","15.3","11.4","27.4","低","37.59","4.81","1.95","1.33","3.18","過高"
"374",="6175","立敦","43.9","-0.1","-0.23","10","近高","33.04","45.38","24.41","1.86","2.26","14.6","15.3","10.8","20.1","低","18.49","1.74","1.79","1.32","2.45","低"
"375",="8358","金居","56.1","-2.1","-3.61","10","近高","52.73","68.73","38.27","1.8","3.3","16","15.4","11.6","20.8","低","22.57","2.17","2.34","1.7","3.05","低"
"376",="1565","精華","191.5","-1.5","-0.78","10","破低","354.1","470.6","276.2","1.7","21.52","16.5","15.4","12.8","21.9","近低","115.1","1.53","3.08","2.4","4.09","破低"
"377",="4915","致伸","86.3","+0.2","+0.23","10","過高","61.92","80.23","48.36","1.66","5.16","12","15.4","9.37","15.5","近高","33.33","2.03","1.86","1.45","2.41","近高"
"378",="8109","博大","96","+0.5","+0.52","10","近高","81.09","96.11","71.33","1.35","6.45","12.6","15.4","11.1","14.9","過高","27.38","2.68","2.96","2.61","3.51","近低"
"379",="1615","大山","59.7","-0.2","-0.33","10","過高","34.17","44.08","26.09","1.69","2.54","13.5","15.4","10.3","17.4","近高","16.6","3.26","2.06","1.57","2.66","過高"
"380",="3014","聯陽","155.5","-2","-1.27","10","過高","90.61","119.7","63.11","1.9","7.42","12.2","15.4","8.5","16.1","近高","33.66","3.84","2.69","1.88","3.56","過高"
"381",="5287","數字","187","-1","-0.53","10","破低","219.2","256.2","192","1.33","13.38","16.4","15.5","14.4","19.1","近低","40.59","5.29","5.4","4.73","6.31","近低"
"382",="3567","逸昌","32.4","-0.1","-0.31","10","近高","30.84","39.94","23.46","1.7","2.51","12.3","15.5","9.34","15.9","近高","16.66","1.87","1.85","1.41","2.4","低"
"383",="5283","禾聯碩","102.5","0","0","6","近低","109.9","125.8","99.75","1.26","10.31","10.7","15.5","9.68","12.2","過高","51.11","1.74","2.15","1.95","2.46","破低"
"384",="2103","台橡","21.9","+0.1","+0.46","10","近低","26.91","33.51","21.64","1.55","1.61","16.7","15.5","13.4","20.8","近低","20.35","0.88","1.32","1.06","1.65","破低"
"385",="2433","互盛電","50.4","0","0","10","近高","49.41","53.36","45.07","1.18","3.74","13.2","15.6","12.1","14.3","過高","27.84","2","1.77","1.62","1.92","過高"
"386",="3036","文曄","110","-4","-3.51","10","過高","73.16","108.7","53.99","2.01","6.27","11.7","15.6","8.61","17.3","近高","52.08","1.49","1.4","1.04","2.09","低"
"387",="3217","優群","160","-3","-1.84","10","過高","98.05","135.4","67.14","2.02","5.94","16.5","15.6","11.3","22.8","低","35.55","3.2","2.76","1.89","3.81","近高"
"388",="6753","龍德造船","115.5","0","0","2","低","110","165.8","77","2.15","3.53","31.2","15.6","21.8","46.9","破低","22.84","3.68","4.82","3.37","7.26","近低"
"389",="9905","大華","23.85","+0.1","+0.42","10","近低","24.71","27.05","22.49","1.2","1.72","14.4","15.6","13.1","15.8","近高","23.8","0.92","1.04","0.94","1.14","破低"
"390",="8182","加高","33.7","0","0","10","近高","30.53","40.55","23.35","1.74","2.06","14.8","15.6","11.4","19.7","高","29.57","0.96","1.03","0.79","1.37","低"
"391",="6574","霈方","54","0","0","8","近低","61.1","73.59","52.51","1.4","3.32","18.4","15.6","15.8","22.2","破低","28.52","1.84","2.14","1.84","2.58","近低"
"392",="8410","森田","76.2","+0.8","+1.06","10","過高","42.86","60.93","32.3","1.89","2.75","15.6","15.6","11.7","22.1","低","40.65","1.58","1.05","0.79","1.5","過高"
"393",="3025","星通","68.6","-0.1","-0.15","10","過高","30.87","46.35","20.33","2.28","0.95","32.5","15.6","21.4","48.9","破低","11.93","4.75","2.59","1.7","3.88","過高"
"394",="8435","鉅邁","75.7","-0.4","-0.53","10","過高","57.86","63.02","52.66","1.2","3.76","15.4","15.6","14","16.8","近高","23.83","3.05","2.43","2.21","2.64","過高"
"395",="1215","卜蜂","102.5","+2.8","+2.81","10","過高","77.62","88.89","65.65","1.35","5.84","13.3","15.6","11.2","15.2","過高","30.95","2.83","2.51","2.12","2.87","近高"
"396",="5704","老爺知","34.8","+0.35","+1.02","10","低","36.23","49.51","28.66","1.73","1.7","21.3","15.7","16.8","29.1","破低","13.21","2.4","2.74","2.17","3.75","近低"
"397",="2404","漢唐","434.5","-0.5","-0.11","10","過高","194.3","252","145.9","1.73","15.77","12.3","15.7","9.25","16","近高","47.13","6.45","4.12","3.1","5.35","過高"
"398",="8103","瀚荃","49.95","-0.55","-1.09","10","近高","37.44","51.22","28.43","1.8","3.07","12.2","15.7","9.28","16.7","近高","34.52","1.19","1.08","0.82","1.48","近高"
"399",="6292","迅德","60.9","+5.5","+9.93","10","過高","44.06","56.42","36.43","1.55","3.98","11.1","15.7","9.14","14.2","過高","23.38","2.27","1.88","1.56","2.41","近高"
"400",="6266","泰詠","33.05","0","0","10","近高","26.23","34.98","20.34","1.72","2.19","12","15.7","9.28","16","近高","16.63","2","1.58","1.22","2.1","近高"
"401",="9908","大台北","30.85","+0.05","+0.16","10","近高","30.79","32.62","28.68","1.14","1.7","18.1","15.7","16.9","19.2","破低","23.3","1.12","1.32","1.23","1.4","破低"
"402",="6761","穩得","101","-3.5","-3.35","4","低","99.76","133.1","77","1.73","5.77","17.3","15.8","13.4","23.1","近低","38.2","2.28","2.61","2.02","3.49","近低"
"403",="3021","鴻名","24.95","-0.15","-0.6","10","近高","19.56","26.95","15.88","1.7","1.35","14.5","15.8","11.8","20","低","13.86","1.4","1.41","1.15","1.94","低"
"404",="2885","元大金","36.65","-0.3","-0.81","10","過高","22.2","25.55","18.6","1.37","1.91","11.7","15.8","9.76","13.4","過高","20.43","1.52","1.09","0.91","1.25","過高"
"405",="6176","瑞儀","198.5","+1","+0.51","10","過高","115.2","138","87.75","1.57","12.11","9.52","15.8","7.25","11.4","過高","67.66","2.62","1.7","1.3","2.04","過高"
"406",="3402","漢科","103","0","0","10","過高","48.72","63.06","37.09","1.7","3.8","12.8","15.8","9.76","16.6","近高","21.58","3.88","2.26","1.72","2.92","過高"
"407",="6257","矽格","76.3","-1","-1.29","10","過高","51.11","62.32","41.6","1.5","4.8","10.6","15.8","8.67","13","過高","33.58","1.9","1.52","1.24","1.86","過高"
"408",="2820","華票","15.2","0","0","10","近高","15.03","16.13","13.71","1.18","1.04","14.5","15.8","13.2","15.6","過高","18.05","0.8","0.83","0.76","0.89","近低"
"409",="8416","實威","168","-1.5","-0.88","10","過高","126.6","152.9","109.7","1.39","9.99","12.7","15.9","11","15.3","過高","42.34","3.4","2.99","2.59","3.61","近高"
"410",="8438","昶昕","34.75","-0.1","-0.29","3","高","31.66","44.68","24.32","1.84","1.25","25.3","15.9","19.4","35.7","破低","21.47","1.35","1.47","1.13","2.08","近低"
"411",="4771","望隼","194","-1","-0.51","1","低","251.7","384.5","161","2.39","6.18","40.7","15.9","26","62.2","破低","32.11","3.34","7.84","5.01","12","破低"
"412",="3430","奇鈦科","64","-1.6","-2.44","3","高","53.35","81.87","44.07","1.86","3.56","15","16","12.4","23","低","22.95","2","2.32","1.92","3.57","近低"
"413",="2211","長榮鋼","95.5","+0.6","+0.63","4","近高","85.04","116.1","64.25","1.81","5.35","15.9","16","12","21.7","低","51.41","1.53","1.65","1.25","2.26","低"
"414",="8424","惠普","71.3","+1","+1.42","10","過高","59.86","66.25","53.84","1.23","4.52","13.3","16","11.9","14.7","過高","29.08","2.4","2.06","1.85","2.28","過高"
"415",="2451","創見","89.4","-0.8","-0.89","10","近高","77.89","96.48","66.53","1.45","5.11","15.2","16","13","18.9","近高","45.68","1.99","1.71","1.46","2.11","近高"
"416",="6525","捷敏-KY","72","-0.3","-0.41","9","低","72.24","89.56","57.46","1.56","5.83","12.4","16","9.86","15.4","過高","30.69","2.16","2.35","1.87","2.92","近低"
"417",="2420","新巨","65.6","+0.6","+0.92","10","過高","43.29","51.34","35.53","1.44","3.59","12.1","16","9.91","14.3","過高","21.69","2.67","2","1.64","2.37","過高"
"418",="6846","綠茵","79.4","-0.2","-0.25","2","近低","78.92","89.13","71","1.26","5.43","14.5","16.1","13.1","16.4","近高","26.85","2.67","2.94","2.64","3.32","近低"
"419",="4126","太醫","91.3","+0.4","+0.44","10","近高","78.84","91.86","68.47","1.34","5.03","15.7","16.1","13.6","18.3","近高","36.6","2.35","2.15","1.87","2.51","近高"
"420",="2892","第一金","27.65","-0.2","-0.72","10","過高","24.04","26.4","21.78","1.21","1.5","16","16.1","14.5","17.6","近低","17.18","1.46","1.4","1.27","1.54","近高"
"421",="6186","新潤","64","-0.5","-0.78","10","過高","40.73","57.37","30.68","1.87","2.74","14.9","16.1","11.2","20.9","高","19.91","3.38","2.05","1.54","2.88","過高"
"422",="3130","一零四","227.5","-0.5","-0.22","10","過高","184.7","202.6","168.3","1.2","11.57","16","16.1","14.5","17.5","近高","47.84","4.48","3.86","3.52","4.23","過高"
"423",="6672","騰輝電子-KY","82.4","-1.7","-2.02","6","低","88.69","121.1","64.45","1.88","6.96","12.7","16.1","9.26","17.4","近高","39.5","1.74","2.25","1.63","3.07","近低"
"424",="3022","威強電","108.5","+2","+1.88","10","過高","56.15","72.57","45.21","1.61","5.07","11.1","16.1","8.91","14.3","過高","38.75","1.83","1.45","1.17","1.87","近高"
"425",="5388","中磊","135.5","+0.5","+0.37","10","過高","88.8","112.4","69.74","1.61","6.18","14.4","16.1","11.3","18.2","近高","39.65","2.56","2.24","1.76","2.84","近高"
"426",="6923","中台","77.6","-1.2","-1.52","1","破低","86.92","97.5","79.8","1.22","2.54","34.3","16.1","31.5","38.4","破低","21.02","2.68","4.14","3.8","4.64","破低"
"427",="6590","普鴻","81.4","+3.5","+4.49","7","近高","66.01","86.94","51.47","1.69","4.42","14.9","16.2","11.6","19.7","近高","24.88","2.78","2.65","2.07","3.49","高"
"428",="8383","千附","46.05","-0.15","-0.32","10","近高","40.95","49.1","34.59","1.42","2.67","15.3","16.2","12.9","18.4","近高","29.42","1.47","1.39","1.18","1.67","近高"
"429",="4995","晶達","73.2","-1.3","-1.74","10","過高","44.83","56.73","35.66","1.59","3.54","12.7","16.2","10.1","16","過高","21.2","3.07","2.11","1.68","2.68","過高"
"430",="5299","杰力","96","-1.3","-1.34","7","近低","126.3","168","91.47","1.84","8.64","14.6","16.2","10.6","19.5","近高","47.8","1.51","2.64","1.91","3.51","破低"
"431",="6951","青新-創","70.2","-0.3","-0.43","1","近高","62.22","79.5","47.3","1.68","3.69","16.9","16.2","12.8","21.6","低","19.79","3.2","3.14","2.39","4.02","低"
"432",="2640","大車隊","135","-1","-0.74","10","過高","89.14","107.5","74.56","1.44","5.31","16.8","16.2","14","20.2","近低","28.69","4.16","3.11","2.6","3.75","過高"
"433",="6904","伯鑫","154","-3","-1.91","2","近低","163.8","221.3","138.7","1.6","9.3","17.6","16.2","14.9","23.8","近低","45.45","2.76","3.6","3.05","4.87","破低"
"434",="2393","億光","82.6","-0.5","-0.6","10","過高","47.11","60.33","35.19","1.71","3.09","15.3","16.2","11.4","19.5","近高","40.41","1.88","1.17","0.87","1.49","過高"
"435",="3008","大立光","2700","-65","-2.35","10","近低","2983","3884","2268","1.71","172","17.3","16.2","13.2","22.6","低","1082","2.07","2.76","2.1","3.59","破低"
"436",="4532","瑞智","28.9","+0.3","+1.05","10","過高","22.73","28.09","18.53","1.52","1.59","14.3","16.2","11.7","17.7","近高","17.63","1.41","1.29","1.05","1.59","近高"
"437",="2115","六暉-KY","30.2","-0.25","-0.82","10","破低","37.43","45.3","31.74","1.43","3.28","11.4","16.2","9.69","13.8","過高","29.14","0.97","1.28","1.09","1.55","破低"
"438",="4207","環泰","17.05","+0.05","+0.29","10","過高","13.99","16.98","11.94","1.42","1.06","13.2","16.2","11.3","16","過高","12.43","1.25","1.13","0.96","1.37","近高"
"439",="8034","榮群","19.5","-0.1","-0.51","10","高","16.85","26.47","12.36","2.14","0.89","19","16.2","13.9","29.8","近低","10.32","1.72","1.63","1.2","2.57","低"
"440",="1525","江申","60","-0.6","-0.99","10","近低","70.96","93.44","55.16","1.69","5","14.2","16.3","11","18.7","近高","58.77","0.89","1.21","0.94","1.59","破低"
"441",="8916","光隆","59.2","-0.4","-0.67","10","過高","49.36","56.81","43.76","1.3","4","12.3","16.3","10.9","14.2","過高","33.99","1.56","1.45","1.29","1.67","近高"
"442",="2608","嘉里大榮","38.6","+0.2","+0.52","10","近低","40.53","50.17","35.39","1.42","2.96","13.7","16.3","12","17","近高","22.14","1.5","1.83","1.6","2.27","破低"
"443",="3051","力特","30.15","-0.05","-0.17","10","過高","12.86","23.05","9.08","2.54","0.75","17.1","16.3","12.1","30.7","低","7.55","2.01","1.7","1.2","3.05","低"
"444",="3034","聯詠","545","-5","-0.91","10","過高","348.4","456","260.2","1.75","32.17","10.8","16.3","8.09","14.2","過高","89.59","4.88","3.89","2.9","5.09","近高"
"445",="4707","磐亞","14.35","+0.05","+0.35","10","近高","12.3","14.56","10.78","1.35","0.96","12.8","16.3","11.3","15.2","過高","16.8","0.92","0.73","0.64","0.87","過高"
"446",="3426","台興","50.5","+0.1","+0.2","9","近高","43.39","50.86","37.08","1.37","2.82","15.4","16.3","13.1","18","近高","25.48","1.83","1.7","1.46","2","近高"
"447",="6208","日揚","50.2","-0.3","-0.59","10","近高","41.71","53.3","33.48","1.59","2.81","14.9","16.4","11.9","19","近高","21.24","1.61","1.96","1.58","2.51","近低"
"448",="2493","揚博","96.6","-0.4","-0.41","10","過高","48.96","60.78","38.19","1.59","3.68","13.3","16.4","10.4","16.5","近高","22.14","3.72","2.21","1.72","2.74","過高"
"449",="6146","耕興","208","+1","+0.48","10","低","213.4","262.1","173","1.51","11.4","18.7","16.4","15.2","23","近低","47.08","3.74","4.53","3.68","5.57","近低"
"450",="8150","南茂","32.05","-0.3","-0.93","10","近低","36.26","46.12","27.47","1.68","3.4","10.7","16.4","8.07","13.5","過高","30.48","0.93","1.19","0.9","1.51","近低"
"451",="2903","遠百","24.2","-0.15","-0.62","10","近高","22.37","26.12","18.98","1.38","1.29","17.4","16.5","14.7","20.3","近低","21.78","1.08","1.03","0.87","1.2","近高"
"452",="9933","中鼎","42.2","-0.1","-0.24","10","近低","42.94","49.1","36.53","1.34","2.34","18.4","16.5","15.6","21","近低","22.45","1.8","1.91","1.63","2.19","近低"
"453",="1713","國化","54.9","+0.4","+0.73","10","過高","27.53","33.39","22.54","1.48","1.2","23","16.5","18.8","27.9","破低","16.32","2.56","1.69","1.38","2.05","過高"
"454",="1795","美時","274.5","+1","+0.37","10","過高","161.4","224.7","113.6","1.98","6.61","24.4","16.6","17.2","34","破低","43.72","3.6","3.69","2.6","5.14","低"
"455",="8083","瑞穎","169","-1","-0.59","10","近高","161.6","182.8","141","1.3","9.41","17.2","16.6","15","19.4","近低","34.01","4.81","4.75","4.15","5.38","近高"
"456",="3042","晶技","103","+0.5","+0.49","10","過高","79.03","96.55","62.7","1.54","5.54","14.3","16.6","11.3","17.4","近高","34.78","2.26","2.27","1.8","2.78","低"
"457",="8068","全達","26.05","-0.5","-1.88","10","低","28.35","44.05","20.75","2.12","-0.19","-147","16.6","-108","-228","","9.28","2.08","3.06","2.24","4.75","破低"
"458",="7708","全家餐飲","96.1","+1.4","+1.48","1","近低","92.77","109.5","90.7","1.21","2.84","32.7","16.6","31.9","38.6","破低","29.36","3.02","3.16","3.09","3.73","破低"
"459",="5434","崇越","295.5","+0.5","+0.17","10","過高","152.9","183.8","119.3","1.54","13.51","11.3","16.6","8.83","13.6","過高","67.85","3.35","2.25","1.76","2.71","過高"
"460",="6881","潤德","232","0","0","1","近高","227.6","249.5","203","1.23","8.77","26","16.7","23.2","28.5","破低","34.76","4.17","6.55","5.84","7.18","破低"
"461",="4584","君帆","62.8","0","0","3","近高","55.74","67.25","46.25","1.45","3.45","16.1","16.7","13.4","19.5","近高","32.31","1.89","1.72","1.43","2.08","近高"
"462",="6581","鋼聯","114","-0.5","-0.44","7","過高","90.19","110.6","76.48","1.45","5.48","16.5","16.7","14","20.2","近低","33.04","3.02","2.73","2.31","3.35","近高"
"463",="6862","三集瑞-KY","163","-4","-2.4","1","近低","182.4","284","142","2","8.62","21.1","16.7","16.5","32.9","近低","","4.24","","","",""
"464",="5312","寶島科","138.5","-2.5","-1.77","10","過高","72.39","82.91","61.66","1.34","5.18","14","16.7","11.9","16","過高","43.01","2.51","1.68","1.43","1.93","過高"
"465",="3118","進階","33.45","+0.35","+1.06","10","近高","30.53","36.46","26.64","1.37","1.86","16.5","16.7","14.4","19.7","近低","16.56","1.94","1.84","1.61","2.2","近高"
"466",="6651","全宇昕","102.5","+4.5","+4.59","4","近高","84.32","115.5","62.54","1.85","6.48","13","16.7","9.65","17.8","近高","30.22","2.91","2.79","2.07","3.82","低"
"467",="1264","德麥","336.5","0","0","10","過高","262.9","291.1","233","1.25","15.8","16.6","16.7","14.7","18.4","近高","74.41","3.81","3.53","3.13","3.91","近高"
"468",="2734","易飛網","25.8","-0.2","-0.77","10","低","27.59","42.89","18.48","2.32","-1.34","-20.7","16.8","-13.8","-32.1","","8.85","2.74","3.12","2.09","4.85","低"
"469",="3596","智易","189","+3.5","+1.89","10","過高","110.2","144","82.32","1.75","8.76","12.6","16.8","9.4","16.4","過高","60.23","2.61","1.83","1.37","2.39","過高"
"470",="6197","佳必琪","146","-0.5","-0.34","10","過高","58.61","79.93","38.07","2.1","4.11","14.2","16.8","9.26","19.4","近高","26.97","4.04","2.17","1.41","2.96","過高"
"471",="2458","義隆","159.5","0","0","10","過高","113.1","148.7","82.03","1.81","8.55","13.2","16.8","9.6","17.4","近高","29.36","4.99","3.85","2.79","5.06","近高"
"472",="5604","中連","42.05","-0.3","-0.71","10","近低","50.92","62.95","41.68","1.51","3.52","14.5","16.8","11.8","17.9","近高","22.74","2.04","2.24","1.83","2.77","近低"
"473",="6227","茂綸","87","-0.4","-0.46","10","過高","38.04","51.31","28.12","1.82","3.92","9.72","16.8","7.18","13.1","過高","25.37","2.62","1.5","1.11","2.02","過高"
"474",="5478","智冠","130.5","0","0","10","近高","98.15","140.6","77.97","1.8","6.41","15.3","16.8","12.2","21.9","低","55.08","1.99","1.78","1.42","2.55","高"
"475",="4138","曜亞","91.1","+0.2","+0.22","10","近高","70.72","93.68","57.86","1.62","4.47","15.8","16.8","12.9","21","低","43.94","2.29","1.61","1.32","2.13","過高"
"476",="6899","創為精密","53.3","-0.4","-0.74","1","近低","58.64","72.2","50","1.44","5.2","11.3","16.9","9.61","13.9","過高","40.87","1.24","1.43","1.22","1.77","近低"
"477",="2886","兆豐金","39.65","-0.3","-0.75","10","過高","32.98","37.4","28.72","1.3","2.01","16.4","16.9","14.3","18.6","近高","23.42","1.62","1.41","1.23","1.6","過高"
"478",="3168","眾福科","48.6","+0.8","+1.67","1","近低","56.93","70.5","44","1.6","3.54","16.1","16.9","12.4","19.9","近高","17.58","1.99","3.24","2.5","4.01","破低"
"479",="8415","大國鋼","38.65","-0.35","-0.9","9","近高","32.9","38.95","28.85","1.35","2.4","13.7","16.9","12","16.2","過高","19.13","1.6","1.72","1.51","2.04","近低"
"480",="2207","和泰車","620","+3","+0.49","10","近高","560.7","680.4","452.2","1.5","16.7","33.6","16.9","27.1","40.7","破低","103.3","4.79","5.43","4.38","6.59","近低"
"481",="2752","豆府","241","0","0","6","近高","212.6","249.6","171.8","1.45","10.44","20.4","16.9","16.4","23.9","近低","40.25","5.18","5.28","4.27","6.2","低"
"482",="2449","京元電子","107.5","-3.5","-3.15","10","過高","52.26","69.25","36.92","1.88","4.18","12.5","16.9","8.83","16.6","過高","27.75","3.04","1.88","1.33","2.5","過高"
"483",="9939","宏全","168","+2","+1.2","10","過高","85.54","100.4","70.46","1.42","6.1","14","16.9","11.6","16.5","過高","47.15","2.71","1.81","1.49","2.13","過高"
"484",="4720","德淵","20.15","-0.05","-0.25","10","過高","15.49","19.82","13.21","1.5","0.53","29.3","16.9","25","37.4","破低","12.65","1.36","1.22","1.04","1.57","近高"
"485",="1402","遠東新","32.2","-0.05","-0.16","10","近高","30.31","34.44","26.41","1.3","1.79","16.9","16.9","14.7","19.2","近低","38.73","0.75","0.78","0.68","0.89","近低"
"486",="6173","信昌電","43.1","-0.75","-1.71","10","近低","49.43","69.12","36.13","1.91","4.03","12.3","17","8.97","17.2","近高","30.68","1.05","1.61","1.18","2.25","破低"
"487",="2015","豐興","72.3","+1.1","+1.54","10","近高","65.64","79.57","55.72","1.43","4.69","14","17","11.9","17","過高","35.45","1.89","1.85","1.57","2.24","低"
"488",="1570","力肯","30.05","-0.3","-0.99","10","過高","18.55","25.71","14.91","1.72","1.47","12.6","17","10.1","17.5","近高","15.63","1.57","1.19","0.95","1.64","近高"
"489",="6294","智基","70.8","-1.7","-2.34","10","破低","112.3","134.2","91.91","1.46","9.86","11.4","17","9.32","13.6","過高","26.85","3.02","4.18","3.42","5","破低"
"490",="2880","華南金","27.85","+0.05","+0.18","10","過高","21.07","23.58","18.51","1.27","1.26","16.7","17","14.7","18.7","近高","14.86","1.76","1.42","1.25","1.59","過高"
"491",="1307","三芳","51.2","-2.3","-4.3","10","過高","26.27","33.82","21.75","1.55","1.32","19.9","17","16.4","25.6","近低","20.96","2.1","1.25","1.04","1.61","過高"
"492",="8499","鼎炫-KY","148","+2.5","+1.72","8","過高","115.3","144.9","93.93","1.54","11.15","10.3","17","8.43","13","過高","99.52","0.78","1.16","0.94","1.46","破低"
"493",="3031","佰鴻","23.65","-0.15","-0.63","10","過高","17.14","23.04","12.8","1.8","1.01","17","17","12.7","22.8","低","15.77","1.37","1.09","0.81","1.46","近高"
"494",="7705","三商餐飲","69.8","-0.3","-0.43","1","近低","71.5","85.9","68","1.26","3.49","20.5","17","19.5","24.6","破低","23.42","2.76","3.05","2.9","3.67","破低"
"495",="1409","新纖","15.2","-0.1","-0.65","10","低","15.01","18.15","12.41","1.46","1.31","11.5","17.1","9.48","13.9","過高","20.02","0.64","0.75","0.62","0.91","近低"
"496",="1734","杏輝","31.45","-0.05","-0.16","10","低","29.41","39.83","24.3","1.64","0.63","46.8","17.1","38.7","63.4","破低","17.49","1.79","1.68","1.39","2.28","低"
"497",="2324","仁寶","38.8","-0.85","-2.14","10","過高","24.89","29.89","20.82","1.44","1.95","12.8","17.1","10.7","15.3","過高","25.36","1.31","0.98","0.82","1.18","過高"
"498",="8436","大江","130","+11.5","+9.7","10","破低","222.4","305","160.2","1.9","10.61","21","17.1","15.1","28.8","近低","65.45","1.78","3.4","2.45","4.66","破低"
"499",="3479","安勤","108.5","-4","-3.56","10","過高","74.1","97.17","57.7","1.68","5.45","13.6","17.1","10.6","17.8","近高","35.21","2.47","2.1","1.64","2.76","近高"
"500",="6123","上奇","57.4","-0.8","-1.37","10","近高","52.51","61.71","43.25","1.43","4.13","12.7","17.1","10.5","14.9","過高","20.2","2.43","2.6","2.14","3.06","近低"
"501",="1234","黑松","41.3","0","0","10","過高","35.41","38.84","32.26","1.2","2.07","17.1","17.1","15.6","18.8","近低","45","0.89","0.79","0.72","0.86","過高"
"502",="2221","大甲","29.15","-0.2","-0.68","10","近低","31.89","40.42","25.77","1.57","3.13","10.2","17.1","8.24","12.9","過高","20.39","1.24","1.56","1.26","1.98","破低"
"503",="6242","立康","45.8","-0.2","-0.43","10","近低","49.32","68.35","41.29","1.66","3.63","13.6","17.2","11.4","18.8","近高","21.85","1.76","2.26","1.89","3.13","破低"
"504",="2114","鑫永銓","93.2","+0.9","+0.98","10","近低","100","118.4","84.14","1.41","6.57","15.2","17.2","12.8","18","近高","37.59","2.42","2.66","2.24","3.15","近低"
"505",="2423","固緯","44.35","+0.05","+0.11","10","過高","29.15","34.46","24.73","1.39","2.3","12.7","17.2","10.7","15","過高","17.43","2.39","1.67","1.42","1.98","過高"
"506",="3026","禾伸堂","85","-2.5","-2.86","10","近低","99.14","128.7","78.91","1.63","7.48","13.3","17.2","10.6","17.2","過高","57.78","1.45","1.72","1.37","2.23","近低"
"507",="9938","百和","72.9","-0.8","-1.09","10","低","72.32","95.18","53.14","1.79","4.7","15.4","17.3","11.3","20.3","近高","33.81","1.72","2.14","1.57","2.82","近低"
"508",="6235","華孚","63.3","-2.3","-3.51","10","近高","49.32","74.82","27.34","2.74","1.97","25","17.3","13.8","37.9","低","15.23","2.84","3.24","1.8","4.91","低"
"509",="4161","聿新科","33.75","+0.15","+0.45","10","近低","33.91","43.07","28.26","1.52","0.43","78.6","17.3","65.5","99.9","破低","15.97","2.06","2.12","1.77","2.7","近低"
"510",="8936","國統","54.4","-1.6","-2.86","10","過高","31.98","46.56","22.26","2.09","1.32","24.3","17.3","16.9","35.4","近低","19.76","2.28","1.62","1.13","2.36","近高"
"511",="3265","台星科","108","-3","-2.7","10","過高","53.17","70.58","37.47","1.88","4.64","11.5","17.3","8.07","15.2","過高","39.15","2.31","1.36","0.96","1.8","過高"
"512",="2884","玉山金","29.15","-0.85","-2.83","10","過高","25.6","28.93","22.04","1.31","1.44","17.8","17.4","15.4","20.2","近低","14.6","1.89","1.75","1.51","1.98","近高"
"513",="1584","精剛","27.25","-0.4","-1.45","10","近高","24.47","33.16","17.95","1.85","1.26","19.5","17.4","14.3","26.4","低","16.26","1.27","1.51","1.1","2.04","近低"
"514",="1342","八貫","109","-1","-0.91","5","高","97.74","136.6","77.65","1.76","5.81","16.8","17.4","13.4","23.5","低","28.06","3.57","3.48","2.77","4.87","低"
"515",="2063","世鎧","37.45","0","0","10","近低","39.59","47.28","32.32","1.46","3.59","11","17.4","9","13.2","過高","17.9","1.69","2.21","1.81","2.64","破低"
"516",="4935","茂林-KY","58.2","-0.1","-0.17","10","近低","68.41","92.59","50.18","1.85","5.73","11.9","17.5","8.75","16.2","過高","55.22","0.9","1.24","0.91","1.68","破低"
"517",="6732","昇佳電子","227.5","-7.5","-3.19","5","破低","410.9","594","279.2","2.13","22.48","18.3","17.5","12.4","26.4","低","89.54","2.59","4.59","3.12","6.63","破低"
"518",="6585","鼎基","176.5","+0.5","+0.28","3","近高","122.8","182.6","85.21","2.14","3.05","40.2","17.5","27.9","59.8","破低","40.72","3.3","3.01","2.09","4.49","高"
"519",="5292","華懋","162","-1.5","-0.92","2","近高","147.1","181.7","119.2","1.52","6.74","21.8","17.5","17.7","27","破低","31.92","3.98","4.61","3.73","5.69","近低"
"520",="3580","友威科","85.2","-0.5","-0.58","10","過高","50.6","76.65","35.57","2.15","2.77","18.3","17.5","12.8","27.7","低","18.12","3.29","2.79","1.96","4.23","高"
"521",="3388","崇越電","69.3","0","0","10","近低","72.34","80.17","64.55","1.24","5.67","12.8","17.5","11.4","14.1","過高","54.96","1.15","1.32","1.17","1.46","破低"
"522",="8210","勤誠","293.5","-2.5","-0.84","10","過高","122.7","166.2","87.33","1.9","6.97","17.6","17.5","12.5","23.8","低","34.05","5.34","3.6","2.56","4.88","過高"
"523",="3484","崧騰","67","-2.5","-3.6","10","過高","48","65.22","36.58","1.78","3.85","12.5","17.5","9.51","17","過高","30.46","1.74","1.58","1.2","2.14","近高"
"524",="1788","杏昌","146","+0.5","+0.34","10","過高","127.7","143","117.4","1.22","8.08","15.8","17.5","14.5","17.7","近高","58.75","2.2","2.17","2","2.43","近低"
"525",="8354","冠好","15.65","0","0","10","近低","16.34","18.87","14.87","1.27","1.48","11","17.6","10","12.7","過高","23.77","0.59","0.69","0.63","0.79","破低"
"526",="3090","日電貿","71","-0.2","-0.28","10","過高","53.09","65.4","43.8","1.49","4.75","11.2","17.6","9.22","13.8","過高","25.65","2.37","2.07","1.71","2.55","近高"
"527",="5016","松和","28.2","-0.05","-0.18","10","近低","31.34","36.22","27.67","1.31","2.76","11.4","17.6","10","13.1","過高","27.81","0.95","1.13","0.99","1.3","破低"
"528",="3005","神基","122.5","-2.5","-2","10","過高","61.77","85.28","48.8","1.75","4.75","13","17.6","10.3","17.9","近高","29.26","3.33","2.11","1.67","2.91","過高"
"529",="6190","萬泰科","38.25","-0.35","-0.91","10","過高","26.67","35.37","21.28","1.66","1.54","17.3","17.6","13.8","22.9","低","14","2.07","1.9","1.52","2.53","近高"
"530",="3078","僑威","88.6","-1.5","-1.66","10","過高","45.74","60.73","30.41","2","4","11.4","17.7","7.6","15.2","過高","23.15","3.07","1.98","1.31","2.62","過高"
"531",="9918","欣天然","39.8","0","0","10","近高","38.3","42.91","35.93","1.19","1.53","25.1","17.7","23.6","28.1","破低","16.98","2.2","2.26","2.12","2.53","近低"
"532",="1319","東陽","116.5","+3.5","+3.1","10","過高","56.8","73.76","41.4","1.78","3.17","17.9","17.7","13","23.2","低","37.56","2.63","1.51","1.1","1.96","過高"
"533",="8163","達方","45.4","-0.85","-1.84","10","低","43.22","57.37","33.86","1.69","3.9","11.1","17.7","8.69","14.7","過高","34.97","1.11","1.24","0.97","1.64","近低"
"534",="2495","普安","30.15","-0.45","-1.47","10","過高","18.37","25.55","14.07","1.82","0.59","31","17.7","23.7","43.1","破低","15.03","1.84","1.22","0.94","1.7","過高"
"535",="6967","汎瑋材料","57.7","+1.2","+2.12","1","近低","56.09","80.3","49.4","1.63","5.83","9.61","17.8","8.47","13.8","過高","30.81","1.76","1.82","1.6","2.61","近低"
"536",="9935","慶豐富","33.4","-0.25","-0.74","10","過高","22.73","31.77","16.71","1.9","1.36","16.7","17.8","12.3","23.3","低","12.64","2.27","1.8","1.32","2.51","近高"
"537",="1568","倉佑","28.3","-0.15","-0.53","10","近高","25.49","35.33","19.89","1.78","1.29","19.7","17.8","15.4","27.4","近低","16.15","1.55","1.58","1.23","2.19","低"
"538",="3306","鼎天","50.2","-0.1","-0.2","10","過高","31.15","45.86","23.42","1.96","0.71","44.1","17.8","33.2","64.9","破低","33.8","0.8","0.92","0.69","1.36","近低"
"539",="5410","國眾","31.35","-0.1","-0.32","10","過高","25.33","31.11","21.86","1.42","2.09","12.1","17.8","10.5","14.9","過高","14.49","2.06","1.75","1.51","2.15","近高"
"540",="4107","邦特","128.5","-1","-0.77","10","近高","116.8","138.3","95.42","1.45","6.22","18.8","17.8","15.4","22.3","近低","38.46","2.71","3.04","2.48","3.6","近低"
"541",="2382","廣達","250.5","-9.5","-3.65","10","過高","122.8","164.1","87.96","1.87","6.76","18.2","17.8","13","24.3","低","40.09","4.8","3.06","2.19","4.09","過高"
"542",="8929","富堡","25.35","+0.2","+0.8","10","低","24.51","33.08","19.95","1.66","0.04","664","17.9","540","896","破低","18.07","1.39","1.36","1.1","1.83","低"
"543",="2227","裕日車","80","-2","-2.44","10","破低","216.5","254","176.7","1.44","14.05","15.4","17.9","12.6","18.1","近高","67.03","1.31","3.23","2.64","3.79","破低"
"544",="6281","全國電","80.7","+0.1","+0.12","10","過高","76.46","80.66","71.57","1.13","5.14","14.9","17.9","13.9","15.7","過高","27.14","2.76","2.82","2.64","2.97","近低"
"545",="6138","茂達","177","-2","-1.12","10","近高","124.7","183.3","82.83","2.21","8.02","15.5","17.9","10.3","22.8","高","37.18","3.64","3.35","2.23","4.93","高"
"546",="6488","環球晶","378","-3.5","-0.92","10","近低","481.7","674","339.8","1.98","29.23","16.5","17.9","11.6","23.1","高","127.1","1.99","3.79","2.67","5.3","破低"
"547",="1752","南光","43.3","-0.2","-0.46","10","近低","43.33","59.41","36.17","1.64","2.2","19.7","18","16.4","27","近低","22.64","1.81","1.91","1.6","2.62","近低"
"548",="2432","倚天酷碁-創","37.75","-0.55","-1.44","2","低","39","51.7","28.93","1.79","2.11","18.5","18","13.7","24.5","低","19.58","1.95","1.99","1.48","2.64","低"
"549",="2106","建大","28.05","-0.35","-1.23","10","破低","33.49","40","29.02","1.38","1.14","29.3","18","25.4","35","破低","21.48","1.31","1.56","1.35","1.86","破低"
"550",="1268","漢來美食","154","+1.5","+0.98","8","近高","137.4","160.5","119.7","1.34","6.44","21.3","18","18.6","24.9","破低","47.2","2.95","2.91","2.54","3.4","近低"
"551",="5403","中菲","132.5","-1.5","-1.12","10","過高","74.09","87.83","60.39","1.45","5.59","13.3","18","10.8","15.7","過高","25.35","4.19","2.92","2.38","3.46","過高"
"552",="5706","鳳凰","68.9","-0.1","-0.14","10","近高","52.65","72.39","41.06","1.76","1.61","32.7","18","25.5","44.9","破低","18.14","3.34","2.9","2.26","3.99","近高"
"553",="9925","新保","41.7","+0.4","+0.97","10","過高","39.19","41.24","36.97","1.12","2.41","16.3","18.1","15.3","17.1","過高","26.81","1.35","1.46","1.38","1.54","破低"
"554",="3679","新至陞","164","+5.5","+3.47","10","過高","90.27","117.4","68.44","1.71","9.24","9.77","18.1","7.41","12.7","過高","69.77","2.2","1.29","0.98","1.68","過高"
"555",="4741","泓瀚","36.5","0","0","8","低","34.32","46.38","27.5","1.69","1.86","18.5","18.1","14.8","25","低","27.53","1.3","1.25","1","1.68","低"
"556",="3537","堡達","50.7","-0.5","-0.98","10","過高","36.97","47.22","29.74","1.59","3.09","12","18.1","9.62","15.3","過高","19.61","2.35","1.89","1.52","2.41","近高"
"557",="4173","久裕","22.1","-0.2","-0.9","10","近高","20.68","26.32","17.26","1.52","0.85","24.3","18.1","20.3","31","破低","25.47","0.88","0.81","0.68","1.03","近高"
"558",="5244","弘凱","44.75","-0.65","-1.43","3","近高","38.82","52.52","31.43","1.67","2.55","15.2","18.1","12.3","20.6","近高","19.68","1.7","1.97","1.6","2.67","近低"
"559",="5013","強新","30.65","-0.65","-2.08","10","近低","31.66","37.68","27.67","1.36","2.62","12.1","18.1","10.6","14.4","過高","22.61","1.11","1.4","1.22","1.67","破低"
"560",="6115","鎰勝","52.8","-0.2","-0.38","10","過高","44.78","48.72","40.51","1.2","3.11","14.4","18.1","13","15.7","過高","26.66","1.92","1.68","1.52","1.83","過高"
"561",="6803","崑鼎","303.5","+4","+1.34","10","過高","241.8","262.2","215.3","1.22","14.37","16.8","18.2","15","18.2","近高","81.66","3.43","2.96","2.64","3.21","過高"
"562",="3218","大學光","231.5","-1.5","-0.64","10","高","213.7","294.3","155.2","1.9","6.95","30.7","18.2","22.3","42.3","破低","27.34","5.79","7.81","5.67","10.8","近低"
"563",="6669","緯穎","1965","-60","-2.96","6","過高","1358","1878","932.5","2.01","68.94","19.7","18.2","13.5","27.2","低","248","4.57","5.48","3.76","7.57","低"
"564",="6716","應廣","79.2","-0.8","-1","5","近低","109","165.6","73.81","2.24","5.3","20.5","18.2","13.9","31.2","低","26.6","2.98","4.1","2.77","6.23","近低"
"565",="1217","愛之味","12.2","+0.1","+0.83","10","過高","9.84","12.12","8.53","1.42","0.33","30.1","18.2","26.1","37.1","破低","12.51","0.8","0.79","0.68","0.97","近低"
"566",="2536","宏普","31.15","-0.15","-0.48","10","過高","24.7","28.73","21.45","1.34","1.21","20.4","18.2","17.7","23.8","近低","35.28","0.89","0.7","0.61","0.81","過高"
"567",="1558","伸興","111","+1","+0.91","10","近低","128.1","146.1","110.6","1.32","9.66","13.3","18.2","11.4","15.1","過高","79.51","1.35","1.61","1.39","1.84","破低"
"568",="6435","大中","111","-3","-2.63","9","低","108.2","142.8","80.62","1.77","7.8","13.9","18.2","10.3","18.3","近高","38.37","2.33","2.82","2.1","3.72","近低"
"569",="1731","美吾華","23.9","+0.05","+0.21","10","過高","18.41","22.7","16.05","1.41","1.1","16.7","18.2","14.6","20.6","近高","14.61","1.53","1.26","1.1","1.55","近高"
"570",="6290","良維","83.2","-1.3","-1.54","10","過高","59.18","79.21","44.68","1.77","3.96","15","18.2","11.3","20","近高","30.79","2.12","1.92","1.45","2.57","近高"
"571",="5353","台林","34","-0.15","-0.44","10","過高","24.3","32.82","18.49","1.77","1.25","19.5","18.3","14.8","26.3","低","15.5","1.9","1.57","1.19","2.12","近高"
"572",="6161","捷波","52.1","0","0","10","過高","26.26","36.31","19.65","1.85","2.35","11.2","18.3","8.36","15.5","過高","17.96","2.2","1.46","1.09","2.02","過高"
"573",="4716","大立","20.3","-0.45","-2.17","10","近高","16.09","21.7","12.66","1.71","0.6","26.7","18.3","21","36","破低","12.65","1.49","1.27","1","1.72","近高"
"574",="4432","銘旺實","23.1","+0.15","+0.65","10","近低","25.73","33.97","19.6","1.73","1.09","23.6","18.3","18","31.1","近低","25.05","0.83","1.03","0.78","1.36","近低"
"575",="7584","樂意","78.7","+0.6","+0.77","1","近低","82.11","135","72.2","1.87","6.11","13.4","18.3","11.8","22.1","近高","","2.29","","","",""
"576",="6263","普萊德","158","+0.5","+0.32","10","過高","90.87","108.6","74.96","1.45","6.35","14.3","18.4","11.8","17.1","過高","23.8","5.7","3.82","3.15","4.56","過高"
"577",="4951","精拓科","78","+1","+1.3","3","近高","68.1","87.87","55.62","1.58","3.06","22.2","18.4","18.1","28.7","近低","21.75","2.98","3.13","2.56","4.04","近低"
"578",="6196","帆宣","156","+3","+1.96","10","過高","108.3","146.8","82.71","1.77","7.8","13.9","18.4","10.6","18.8","近高","44.14","2.74","2.45","1.87","3.33","近高"
"579",="4183","福永生技","23.35","-0.05","-0.21","8","近高","20.33","26.69","17.09","1.56","0.88","23.1","18.4","19.4","30.3","破低","12.48","1.77","1.63","1.37","2.14","近高"
"580",="1232","大統益","152","-1.5","-0.98","10","過高","131.9","146.1","118.5","1.23","7.26","18.2","18.4","16.3","20.1","近高","30.26","4.28","4.36","3.92","4.83","近低"
"581",="2069","運錩","19.2","-0.35","-1.79","9","近低","21.48","29.09","16.05","1.81","1.56","13.7","18.5","10.3","18.6","近高","23.2","0.81","0.93","0.69","1.25","近低"
"582",="8076","伍豐","33.25","-0.75","-2.21","10","近低","35.89","46.05","28.89","1.59","0.61","58.5","18.5","47.1","75.1","破低","14.96","1.89","2.4","1.93","3.08","破低"
"583",="3646","艾恩特","30.3","-0.15","-0.49","10","近高","24.09","30.76","19.54","1.57","1.43","16.9","18.5","13.7","21.6","近高","12.92","2.18","1.87","1.51","2.38","近高"
"584",="1714","和桐","8.32","+0.01","+0.12","10","近低","8.91","10.88","7.43","1.46","0.57","15.7","18.5","13.1","19.1","近高","11.79","0.66","0.76","0.63","0.92","近低"
"585",="2478","大毅","45","-0.05","-0.11","10","近低","51.05","71.59","38.36","1.87","3.71","13.8","18.5","10.3","19.3","近高","36.92","0.97","1.38","1.04","1.94","破低"
"586",="6214","精誠","137","-1.5","-1.08","10","過高","86.73","105.1","71.97","1.46","5.3","16.4","18.5","13.6","19.8","近高","54.51","2.15","1.59","1.32","1.93","過高"
"587",="4104","佳醫","87.1","+0.4","+0.46","10","過高","67.48","76.4","59.51","1.28","4.12","16.4","18.6","14.5","18.6","過高","54.13","1.62","1.25","1.1","1.41","過高"
"588",="6782","視陽","182.5","-4","-2.14","3","近低","247.3","341.5","178.8","1.91","6.95","35.6","18.6","25.7","49.2","破低","39.95","3.06","6.19","4.47","8.55","破低"
"589",="1203","味王","37.8","-0.05","-0.13","10","近高","35.33","42.12","30.09","1.4","1.93","18.3","18.6","15.6","21.8","近低","21.68","1.5","1.63","1.39","1.94","近低"
"590",="6642","富致","66.7","-0.9","-1.33","6","近高","56.6","73.55","41.27","1.78","3.16","17.9","18.6","13.1","23.3","高","25.28","2.33","2.24","1.63","2.91","高"
"591",="6591","動力-KY","57.4","-1.1","-1.88","8","高","54.42","73.36","40.49","1.81","5.27","10.3","18.6","7.69","13.9","過高","45.08","1.15","1.21","0.9","1.63","低"
"592",="3032","偉訓","95.8","-1.9","-1.94","10","過高","44.54","60.36","31.04","1.94","3.55","12.5","18.7","8.74","17","過高","22.23","3.37","2","1.4","2.72","過高"
"593",="2450","神腦","34.55","+0.05","+0.14","10","近低","36.35","42.21","31.66","1.33","2.28","16","18.7","13.9","18.5","過高","23.93","1.39","1.52","1.32","1.76","近低"
"594",="5306","桂盟","126.5","-1","-0.78","10","近低","148.3","182.3","117.3","1.55","10.33","14.4","18.7","11.3","17.6","過高","49.62","1.89","2.99","2.36","3.67","破低"
"595",="2707","晶華","199","+3.5","+1.79","10","近高","184.6","236.5","150.8","1.57","9.98","18.5","18.7","15.1","23.7","低","31.95","6.13","5.78","4.72","7.4","近高"
"596",="6788","華景電","214.5","+1.5","+0.7","4","近高","164.6","241.1","108.8","2.22","7.16","23","18.7","15.2","33.7","低","42.61","3.55","3.86","2.55","5.66","低"
"597",="1616","億泰","20.3","-0.25","-1.22","10","過高","9.79","14.51","6.76","2.15","0.26","37.5","18.8","25.9","55.6","破低","8.71","2.01","1.12","0.78","1.66","過高"
"598",="2597","潤弘","177.5","-0.5","-0.28","10","過高","103.2","143.5","76.28","1.88","8.26","12.5","18.8","9.24","17.4","過高","33.05","5.65","3.12","2.31","4.34","過高"
"599",="4974","亞泰","116.5","-4","-3.32","10","過高","58.89","77.93","47.78","1.63","5.6","10.5","18.8","8.54","13.9","過高","36.13","2.64","1.63","1.32","2.16","過高"
"600",="2904","匯僑","18.1","-0.05","-0.28","10","破低","21.89","25.05","19.04","1.32","1.5","14.6","18.9","12.7","16.7","過高","14.63","1.13","1.5","1.3","1.71","破低"
